<?xml version="1.0"?>
<config xmlns:xsi="http://www.w3.org/2001/XMLSchema-instance" xsi:noNamespaceSchemaLocation="urn:magento:module:Magento_Backend:etc/menu.xsd">
    <menu>
        <add id="FS_Dealer::base" title="Dealer" module="FS_Dealer" sortOrder="10" resource="FS_Dealer::base"/>
        <add id="FS_Dealer::list" title="Dealer List" module="FS_Dealer" sortOrder="20" action="dealer/index/index" resource="FS_Dealer::list" parent="FS_Dealer::base"/>
        <add id="FS_Dealer::list_edit" title="Edit Profile" module="FS_Dealer" sortOrder="20" action="dealer/index/editprofile" resource="FS_Dealer::list_edit" parent="FS_Dealer::base"/>
        <add id="FS_Dealer::local" title="Local Dealer Data" module="FS_Dealer" sortOrder="30" action="dealer/data/index" resource="FS_Dealer::local" parent="FS_Dealer::base"/>
        <!--
        <add id="FS_Dealer::tax" title="Dealer Tax" module="FS_Dealer" sortOrder="40" action="dealer/tax/index" resource="FS_Dealer::tax" parent="FS_Dealer::base"/>
        -->
        <add id="FS_Dealer::upload_inventory" title="Upload Inventory" module="FS_Dealer" sortOrder="50" action="dealer/upload/inventory" resource="FS_Dealer::upload_inventory" parent="FS_Dealer::base"/>
        <add id="FS_Dealer::upload_tax" title="Upload Tax" module="FS_Dealer" sortOrder="60" action="dealer/upload/tax/" resource="FS_Dealer::upload_tax" parent="FS_Dealer::base"/>
        <add id="FS_Dealer::dealer_tnc" title="Accept TNC" module="FS_Dealer" sortOrder="80" action="dealer/accept/index/" resource="FS_Dealer::dealer_tnc" parent="FS_Dealer::base"/>
        <add id="FS_Dealer::test" title="Dealer test Cron" module="FS_Dealer" sortOrder="10000" action="dealer/index/test" resource="FS_Dealer::test" parent="FS_Dealer::base"/>
    </menu>
</config>
