<?xml version="1.0"?>
<!--
/**
 * Copyright © Magento, Inc. All rights reserved.
 * See COPYING.txt for license details.
 */
-->
<config xmlns:xsi="http://www.w3.org/2001/XMLSchema-instance" xsi:noNamespaceSchemaLocation="urn:magento:framework:Acl/etc/acl.xsd">
    <acl>
        <resources>			
            <resource id="Magento_Backend::admin">
                <resource id="FS_Dealer::base" title="Dealers" translate="title" sortOrder="10">					
					<resource id="FS_Dealer::list" title="Dealer List" translate="title" sortOrder="10" />
					<resource id="FS_Dealer::list_edit" title="Edit Profile" translate="title" sortOrder="10" />
					<resource id="FS_Dealer::local" title="Local Dealer Data" translate="title" sortOrder="20" />
					<resource id="FS_Dealer::tax" title="Dealer Tax" translate="title" sortOrder="30" />
					<resource id="FS_Dealer::upload_inventory" title="Upload Inventory" translate="title" sortOrder="40" />
					<resource id="FS_Dealer::upload_tax" title="Upload Tax" translate="title" sortOrder="50" />
				</resource>
            </resource>
        </resources>
    </acl>
</config>
