<?xml version="1.0"?>
<schema xmlns:xsi="http://www.w3.org/2001/XMLSchema-instance"
        xsi:noNamespaceSchemaLocation="urn:magento:framework:Setup/Declaration/Schema/etc/schema.xsd">

    <table name="dealer_tax_tnc" resource="default" engine="innodb">
        <column xsi:type="int" name="entity_id" padding="10" unsigned="true" nullable="false" identity="true"
                comment="ID"/>
        <column xsi:type="varchar" name="dealer_code" nullable="false" length="100"/>
        <column xsi:type="boolean" name="status" nullable="false" default="1"/>
        <column xsi:type="varchar" name="tnc_content" nullable="true" length="250"/>
        <column xsi:type="timestamp" name="accepted_at" on_update="false" nullable="false" default="CURRENT_TIMESTAMP"/>
        <constraint xsi:type="primary" referenceId="PRIMARY">
            <column name="entity_id"/>
        </constraint>
        <constraint xsi:type="unique" referenceId="DEALER_CODE">
            <column name="dealer_code"/>
        </constraint>
    </table>
</schema>
